"RK",TIERS,"PLAYER NAME",TEAM,"POS","BYE WEEK","SOS SEASON","ECR VS. ADP"
"1",1,"Jonathan Taylor",IND,"RB1","14","3 out of 5 stars","0"
"2",1,"Christian McCaffrey",CAR,"RB2","13","3 out of 5 stars","0"
"3",1,"Derrick Henry",TEN,"RB3","6","4 out of 5 stars","+1"
"4",1,"Dalvin Cook",MIN,"RB4","7","4 out of 5 stars","+2"
"5",1,"Austin Ekeler",LAC,"RB5","8","2 out of 5 stars","-2"
"6",1,"Joe Mixon",CIN,"RB6","10","3 out of 5 stars","+3"
"7",2,"Najee Harris",PIT,"RB7","9","3 out of 5 stars","+1"
"8",2,"Justin Jefferson",MIN,"WR1","7","2 out of 5 stars","-1"
"9",2,"Cooper Kupp",LAR,"WR2","7","2 out of 5 stars","-4"
"10",2,"Nick Chubb",CLE,"RB8","9","3 out of 5 stars","+4"
"11",2,"Ja'Marr Chase",CIN,"WR3","10","3 out of 5 stars","-1"
"12",2,"Alvin Kamara",NO,"RB9","14","3 out of 5 stars","-1"
"13",2,"Mark Andrews",BAL,"TE1","10","2 out of 5 stars","+12"
"14",3,"Saquon Barkley",NYG,"RB10","9","3 out of 5 stars","+1"
"15",3,"D'Andre Swift",DET,"RB11","6","4 out of 5 stars","-3"
"16",3,"Travis Kelce",KC,"TE2","8","3 out of 5 stars","+1"
"17",3,"Stefon Diggs",BUF,"WR4","7","4 out of 5 stars","-1"
"18",3,"Davante Adams",LV,"WR5","6","2 out of 5 stars","-5"
"19",3,"Deebo Samuel",SF,"WR6","9","3 out of 5 stars","+3"
"20",3,"Javonte Williams",DEN,"RB12","9","3 out of 5 stars","-2"
"21",3,"Aaron Jones",GB,"RB13","14","3 out of 5 stars","-1"
"22",3,"CeeDee Lamb",DAL,"WR7","9","3 out of 5 stars","-1"
"23",3,"Leonard Fournette",TB,"RB14","11","2 out of 5 stars","+1"
"24",3,"Mike Evans",TB,"WR8","11","4 out of 5 stars","+2"
"25",4,"Tyreek Hill",MIA,"WR9","11","2 out of 5 stars","-2"
"26",4,"James Conner",ARI,"RB15","13","2 out of 5 stars","+1"
"27",4,"A.J. Brown",PHI,"WR10","7","4 out of 5 stars","+3"
"28",4,"Kyle Pitts",ATL,"TE3","14","2 out of 5 stars","+3"
"29",4,"Tee Higgins",CIN,"WR11","10","3 out of 5 stars","+6"
"30",4,"Ezekiel Elliott",DAL,"RB16","9","4 out of 5 stars","-2"
"31",4,"Michael Pittman Jr.",IND,"WR12","14","4 out of 5 stars","+3"
"32",4,"Josh Allen",BUF,"QB1","7","3 out of 5 stars","-13"
"33",4,"DJ Moore",CAR,"WR13","13","3 out of 5 stars","+7"
"34",4,"Courtland Sutton",DEN,"WR14","9","4 out of 5 stars","+8"
"35",4,"Keenan Allen",LAC,"WR15","8","3 out of 5 stars","-3"
"36",4,"Mike Williams",LAC,"WR16","8","3 out of 5 stars","+8"
"37",5,"Terry McLaurin",WAS,"WR17","14","4 out of 5 stars","+8"
"38",5,"Travis Etienne Jr.",JAC,"RB17","11","3 out of 5 stars","-2"
"39",5,"David Montgomery",CHI,"RB18","14","5 out of 5 stars","-1"
"40",5,"Breece Hall",NYJ,"RB19","10","4 out of 5 stars","+1"
"41",5,"Justin Herbert",LAC,"QB2","8","3 out of 5 stars","-8"
"42",5,"Elijah Mitchell",SF,"RB20","9","2 out of 5 stars","+4"
"43",5,"Cam Akers",LAR,"RB21","7","2 out of 5 stars","-6"
"44",5,"Gabriel Davis",BUF,"WR18","7","4 out of 5 stars","+18"
"45",5,"DK Metcalf",SEA,"WR19","11","4 out of 5 stars","+9"
"46",5,"Jaylen Waddle",MIA,"WR20","11","2 out of 5 stars","+6"
"47",5,"George Kittle",SF,"TE4","9","4 out of 5 stars","-8"
"48",5,"Diontae Johnson",PIT,"WR21","9","4 out of 5 stars","+1"
"49",5,"Brandin Cooks",HOU,"WR22","6","3 out of 5 stars","+11"
"50",5,"AJ Dillon",GB,"RB22","14","3 out of 5 stars","0"
"51",5,"Allen Robinson II",LAR,"WR23","7","2 out of 5 stars","+7"
"52",5,"Patrick Mahomes II",KC,"QB3","8","2 out of 5 stars","-23"
"53",5,"Lamar Jackson",BAL,"QB4","10","2 out of 5 stars","-10"
"54",5,"Darren Waller",LV,"TE5","6","2 out of 5 stars","-6"
"55",5,"Marquise Brown",ARI,"WR24","13","2 out of 5 stars","+8"
"56",6,"J.K. Dobbins",BAL,"RB23","10","4 out of 5 stars","-5"
"57",6,"Jerry Jeudy",DEN,"WR25","9","4 out of 5 stars","+10"
"58",6,"Josh Jacobs",LV,"RB24","6","2 out of 5 stars","-11"
"59",6,"Darnell Mooney",CHI,"WR26","14","3 out of 5 stars","+9"
"60",6,"Dalton Schultz",DAL,"TE6","9","3 out of 5 stars","+1"
"61",6,"Jalen Hurts",PHI,"QB5","7","4 out of 5 stars","-6"
"62",6,"Kyler Murray",ARI,"QB6","13","2 out of 5 stars","-9"
"63",6,"Rashod Bateman",BAL,"WR27","10","3 out of 5 stars","+20"
"64",6,"Damien Harris",NE,"RB25","10","4 out of 5 stars","+18"
"65",6,"Antonio Gibson",WAS,"RB26","14","4 out of 5 stars","-9"
"66",6,"Chris Godwin",TB,"WR28","11","4 out of 5 stars","-2"
"67",6,"Elijah Moore",NYJ,"WR29","10","1 out of 5 stars","+23"
"68",6,"Dameon Pierce",HOU,"RB27","6","3 out of 5 stars","-3"
"69",6,"Amari Cooper",CLE,"WR30","9","4 out of 5 stars","+5"
"70",6,"Michael Thomas",NO,"WR31","14","4 out of 5 stars","-1"
"71",6,"Amon-Ra St. Brown",DET,"WR32","6","3 out of 5 stars","-12"
"72",6,"JuJu Smith-Schuster",KC,"WR33","8","2 out of 5 stars","-1"
"73",6,"Dallas Goedert",PHI,"TE7","7","2 out of 5 stars","+8"
"74",6,"Rashaad Penny",SEA,"RB28","11","2 out of 5 stars","+5"
"75",6,"Adam Thielen",MIN,"WR34","7","2 out of 5 stars","-3"
"76",6,"Joe Burrow",CIN,"QB7","10","2 out of 5 stars","-19"
"77",7,"Chase Edmonds",MIA,"RB29","11","4 out of 5 stars","-7"
"78",7,"Clyde Edwards-Helaire",KC,"RB30","8","3 out of 5 stars","-12"
"79",7,"Brandon Aiyuk",SF,"WR35","9","3 out of 5 stars","+18"
"80",7,"DeVonta Smith",PHI,"WR36","7","4 out of 5 stars","+12"
"81",7,"Miles Sanders",PHI,"RB31","7","3 out of 5 stars","+3"
"82",7,"T.J. Hockenson",DET,"TE8","6","4 out of 5 stars","-9"
"83",7,"Allen Lazard",GB,"WR37","14","3 out of 5 stars","+8"
"84",7,"Rhamondre Stevenson",NE,"RB32","10","4 out of 5 stars","+2"
"85",7,"Tom Brady",TB,"QB8","11","3 out of 5 stars","-10"
"86",7,"Russell Wilson",DEN,"QB9","9","4 out of 5 stars","-10"
"87",7,"Tyler Lockett",SEA,"WR38","11","4 out of 5 stars","+20"
"88",7,"Dawson Knox",BUF,"TE9","7","3 out of 5 stars","+7"
"89",7,"Devin Singletary",BUF,"RB33","7","4 out of 5 stars","-11"
"90",7,"Drake London",ATL,"WR39","14","4 out of 5 stars","+6"
"91",7,"Tony Pollard",DAL,"RB34","9","4 out of 5 stars","-14"
"92",7,"Dak Prescott",DAL,"QB10","9","3 out of 5 stars","-5"
"93",7,"Kareem Hunt",CLE,"RB35","9","3 out of 5 stars","-8"
"94",7,"Christian Kirk",JAC,"WR40","11","4 out of 5 stars","+6"
"95",7,"Hunter Renfrow",LV,"WR41","6","2 out of 5 stars","-2"
"96",7,"Trey Lance",SF,"QB11","9","3 out of 5 stars","+8"
"97",7,"DeAndre Hopkins",ARI,"WR42","13","2 out of 5 stars","-9"
"98",7,"Melvin Gordon III",DEN,"RB36","9","3 out of 5 stars","0"
"99",7,"Cordarrelle Patterson",ATL,"RB37","14","1 out of 5 stars","-19"
"100",7,"Zach Ertz",ARI,"TE10","13","3 out of 5 stars","-1"
"101",7,"Robert Woods",TEN,"WR43","6","3 out of 5 stars","+2"
"102",7,"Matthew Stafford",LAR,"QB12","7","3 out of 5 stars","0"
"103",7,"Aaron Rodgers",GB,"QB13","14","2 out of 5 stars","-14"
"104",8,"Kadarius Toney",NYG,"WR44","9","4 out of 5 stars","+14"
"105",8,"Chris Olave",NO,"WR45","14","4 out of 5 stars","0"
"106",8,"Kirk Cousins",MIN,"QB14","7","3 out of 5 stars","+8"
"107",8,"Ken Walker III",SEA,"RB38","11","2 out of 5 stars","-13"
"108",8,"Derek Carr",LV,"QB15","6","2 out of 5 stars","-2"
"109",8,"Treylon Burks",TEN,"WR46","6","3 out of 5 stars","+1"
"110",8,"Cole Kmet",CHI,"TE11","14","5 out of 5 stars","+5"
"111",8,"Darrell Henderson Jr.",LAR,"RB39","7","2 out of 5 stars","+1"
"112",8,"Michael Carter",NYJ,"RB40","10","4 out of 5 stars","-1"
"113",8,"Chase Claypool",PIT,"WR47","9","4 out of 5 stars","+3"
"114",8,"Pat Freiermuth",PIT,"TE12","9","4 out of 5 stars","-5"
"115",8,"James Cook",BUF,"RB41","7","4 out of 5 stars","-14"
"116",8,"Hunter Henry",NE,"TE13","10","4 out of 5 stars","+11"
"117",8,"Justin Fields",CHI,"QB16","14","4 out of 5 stars","+23"
"118",8,"Tua Tagovailoa",MIA,"QB17","11","2 out of 5 stars","+8"
"119",8,"James Robinson",JAC,"RB42","11","3 out of 5 stars","-11"
"120",8,"Garrett Wilson",NYJ,"WR48","10","1 out of 5 stars","+9"
"121",8,"Marquez Valdes-Scantling",KC,"WR49","8","2 out of 5 stars","+17"
"122",8,"Tyler Boyd",CIN,"WR50","10","3 out of 5 stars","+12"
"123",8,"Skyy Moore",KC,"WR51","8","2 out of 5 stars","-4"
"124",8,"Trevor Lawrence",JAC,"QB18","11","5 out of 5 stars","+20"
"125",8,"Alexander Mattison",MIN,"RB43","7","4 out of 5 stars","-8"
"126",8,"David Njoku",CLE,"TE14","9","4 out of 5 stars","+30"
"127",8,"Kenneth Gainwell",PHI,"RB44","7","3 out of 5 stars","-2"
"128",8,"Irv Smith Jr.",MIN,"TE15","7","3 out of 5 stars","+23"
"129",8,"Nyheim Hines",IND,"RB45","14","3 out of 5 stars","-7"
"130",8,"Raheem Mostert",MIA,"RB46","11","4 out of 5 stars","+7"
"131",8,"Michael Gallup",DAL,"WR52","9","3 out of 5 stars","-8"
"132",8,"Albert Okwuegbunam",DEN,"TE16","9","3 out of 5 stars","+27"
"133",8,"Russell Gage",TB,"WR53","11","4 out of 5 stars","+25"
"134",9,"Khalil Herbert",CHI,"RB47","14","5 out of 5 stars","+5"
"135",9,"Mike Gesicki",MIA,"TE17","11","3 out of 5 stars","-5"
"136",9,"Jamaal Williams",DET,"RB48","6","4 out of 5 stars","+9"
"137",9,"Jameis Winston",NO,"QB19","14","3 out of 5 stars","+9"
"138",9,"George Pickens",PIT,"WR54","9","4 out of 5 stars","-25"
"139",9,"Jakobi Meyers",NE,"WR55","10","4 out of 5 stars","+26"
"140",9,"DJ Chark Jr.",DET,"WR56","6","3 out of 5 stars","+10"
"141",9,"Matt Ryan",IND,"QB20","14","3 out of 5 stars","+21"
"142",9,"DeVante Parker",NE,"WR57","10","4 out of 5 stars","+19"
"143",9,"Tyler Allgeier",ATL,"RB49","14","1 out of 5 stars","-12"
"144",9,"Julio Jones",TB,"WR58","11","4 out of 5 stars","-11"
"145",9,"Robert Tonyan",GB,"TE18","14","1 out of 5 stars","+19"
"146",9,"Jarvis Landry",NO,"WR59","14","4 out of 5 stars","-3"
"147",9,"J.D. McKissic",WAS,"RB50","14","4 out of 5 stars","+13"
"148",9,"Tyler Higbee",LAR,"TE19","7","3 out of 5 stars","+32"
"149",9,"Rachaad White",TB,"RB51","11","2 out of 5 stars","-21"
"150",9,"Gerald Everett",LAC,"TE20","8","4 out of 5 stars","+32"
"151",9,"Ryan Tannehill",TEN,"QB21","6","4 out of 5 stars","+30"
"152",9,"Noah Fant",SEA,"TE21","11","2 out of 5 stars","+21"
"153",9,"Buffalo Bills",BUF,"DST1","7","4 out of 5 stars","-33"
"154",9,"Rondale Moore",ARI,"WR60","13","2 out of 5 stars","+12"
"155",9,"Jahan Dotson",WAS,"WR61","14","4 out of 5 stars","-1"
"156",9,"Kenny Golladay",NYG,"WR62","9","4 out of 5 stars","+45"
"157",9,"Tampa Bay Buccaneers",TB,"DST2","11","4 out of 5 stars","-33"
"158",9,"Evan Engram",JAC,"TE22","11","4 out of 5 stars","+49"
"159",9,"Daniel Jones",NYG,"QB22","9","5 out of 5 stars","+40"
"160",9,"Nico Collins",HOU,"WR63","6","3 out of 5 stars","+25"
"161",9,"Mac Jones",NE,"QB23","10","4 out of 5 stars","+10"
"162",9,"Austin Hooper",TEN,"TE23","6","5 out of 5 stars","+62"
"163",9,"San Francisco 49ers",SF,"DST3","9","4 out of 5 stars","-28"
"164",9,"Zamir White",LV,"RB52","6","2 out of 5 stars","-11"
"165",10,"Jared Goff",DET,"QB24","6","3 out of 5 stars","+28"
"166",10,"Joshua Palmer",LAC,"WR64","8","3 out of 5 stars","+11"
"167",10,"Carson Wentz",WAS,"QB25","14","4 out of 5 stars","+52"
"168",10,"Corey Davis",NYJ,"WR65","10","1 out of 5 stars","+82"
"169",10,"Indianapolis Colts",IND,"DST4","14","3 out of 5 stars","-27"
"170",10,"Isaiah Spiller",LAC,"RB53","8","2 out of 5 stars","-21"
"171",10,"Mark Ingram II",NO,"RB54","14","3 out of 5 stars","-3"
"172",10,"Logan Thomas",WAS,"TE24","14","4 out of 5 stars","+68"
"173",10,"Justin Tucker",BAL,"K1","10","3 out of 5 stars","-52"
"174",10,"K.J. Osborn",MIN,"WR66","7","2 out of 5 stars","+39"
"175",10,"Mecole Hardman",KC,"WR67","8","2 out of 5 stars","-5"
"176",10,"New Orleans Saints",NO,"DST5","14","3 out of 5 stars","-13"
"177",10,"Los Angeles Rams",LAR,"DST6","7","3 out of 5 stars","-22"
"178",10,"Baker Mayfield",CAR,"QB26","13","3 out of 5 stars","-3"
"179",10,"D'Onta Foreman",CAR,"RB55","13","3 out of 5 stars","-5"
"180",10,"Van Jefferson",LAR,"WR68","7","2 out of 5 stars","+88"
"181",10,"Robbie Anderson",CAR,"WR69","13","3 out of 5 stars","+50"
"182",10,"Denver Broncos",DEN,"DST7","9","3 out of 5 stars","-6"
"183",10,"Hayden Hurst",CIN,"TE25","10","2 out of 5 stars","+25"
"184",10,"New England Patriots",NE,"DST8","10","3 out of 5 stars","+4"
"185",10,"Gus Edwards",BAL,"RB56","10","4 out of 5 stars","+53"
"186",10,"Isiah Pacheco",KC,"RB57","8","3 out of 5 stars","+30"
"187",10,"Brian Robinson Jr.",WAS,"RB58","14","4 out of 5 stars","-51"
"188",10,"Jameson Williams",DET,"WR70","6","3 out of 5 stars","+2"
"189",10,"Zach Wilson",NYJ,"QB27","10","1 out of 5 stars","+20"
"190",10,"Tyler Bass",BUF,"K2","7","4 out of 5 stars","-43"
"191",10,"Jalen Tolbert",DAL,"WR71","9","3 out of 5 stars","+5"
"192",10,"Boston Scott",PHI,"RB59","7","3 out of 5 stars","+77"
"193",10,"Marvin Jones Jr.",JAC,"WR72","11","4 out of 5 stars","+41"
"194",10,"Christian Watson",GB,"WR73","14","3 out of 5 stars","+6"
"195",10,"Davis Mills",HOU,"QB28","6","4 out of 5 stars","+30"
"196",10,"Darrel Williams",ARI,"RB60","13","2 out of 5 stars","-9"
"197",10,"Matt Gay",LAR,"K3","7","2 out of 5 stars","-49"
"198",10,"Dallas Cowboys",DAL,"DST9","9","2 out of 5 stars","-29"
"199",10,"Wan'Dale Robinson",NYG,"WR74","9","4 out of 5 stars","-5"
"200",10,"KJ Hamler",DEN,"WR75","9","4 out of 5 stars","+27"
"201",10,"Evan McPherson",CIN,"K4","10","0 out of 5 stars","-69"
"202",10,"Romeo Doubs",GB,"WR76","14","3 out of 5 stars","-50"
"203",10,"Daniel Carlson",LV,"K5","6","2 out of 5 stars","-62"
"204",10,"Los Angeles Chargers",LAC,"DST10","8","4 out of 5 stars","-26"
"205",10,"Isaiah McKenzie",BUF,"WR77","7","4 out of 5 stars","-38"
"206",10,"Sony Michel",LAC,"RB61","8","2 out of 5 stars","+33"
"207",10,"Alec Pierce",IND,"WR78","14","4 out of 5 stars","-23"
"208",10,"Green Bay Packers",GB,"DST11","14","3 out of 5 stars","-19"
"209",10,"Jeff Wilson Jr.",SF,"RB62","9","2 out of 5 stars","-5"
"210",10,"Parris Campbell",IND,"WR79","14","4 out of 5 stars","+8"
"211",10,"Curtis Samuel",WAS,"WR80","14","4 out of 5 stars","+116"
"212",10,"Donovan Peoples-Jones",CLE,"WR81","9","4 out of 5 stars","+40"
"213",10,"Ronald Jones II",KC,"RB63","8","3 out of 5 stars","+17"
"214",10,"Miami Dolphins",MIA,"DST12","11","3 out of 5 stars","+7"
"215",11,"Brevin Jordan",HOU,"TE26","6","3 out of 5 stars","+52"
"216",11,"Harrison Butker",KC,"K6","8","5 out of 5 stars","-59"
"217",11,"Ryan Succop",TB,"K7","11","1 out of 5 stars","-12"
"218",11,"Marcus Mariota",ATL,"QB29","14","3 out of 5 stars","+14"
"219",11,"Tyrion Davis-Price",SF,"RB64","9","2 out of 5 stars","-22"
"220",11,"Kansas City Chiefs",KC,"DST13","8","3 out of 5 stars","+8"
"221",11,"Mo Alie-Cox",IND,"TE27","14","2 out of 5 stars","+84"
"222",11,"Baltimore Ravens",BAL,"DST14","10","4 out of 5 stars","-27"
"223",11,"Cleveland Browns",CLE,"DST15","9","4 out of 5 stars","-3"
"224",11,"Matt Prater",ARI,"K8","13","2 out of 5 stars","-52"
"225",11,"Philadelphia Eagles",PHI,"DST16","7","2 out of 5 stars","-2"
"226",11,"Kendrick Bourne",NE,"WR82","10","4 out of 5 stars","+76"
"227",11,"Pittsburgh Steelers",PIT,"DST17","9","5 out of 5 stars","-44"
"228",11,"D'Ernest Johnson",CLE,"RB65","9","3 out of 5 stars","+69"
"229",11,"Jamison Crowder",BUF,"WR83","7","4 out of 5 stars","+102"
"230",11,"A.J. Green",ARI,"WR84","13","2 out of 5 stars","+34"
"231",11,"Rex Burkhead",HOU,"RB66","6","3 out of 5 stars","+35"
"232",11,"Rodrigo Blankenship",IND,"K9","14","4 out of 5 stars","-15"
"233",11,"David Bell",CLE,"WR85","9","4 out of 5 stars","+24"
"234",11,"Sterling Shepard",NYG,"WR86","9","4 out of 5 stars","+75"
"235",11,"Samaje Perine",CIN,"RB67","10","3 out of 5 stars","+65"
"236",11,"Jonnu Smith",NE,"TE28","10","4 out of 5 stars","-"
"237",11,"Jerick McKinnon",KC,"RB68","8","3 out of 5 stars","+10"
"238",11,"Damien Williams",ATL,"RB69","14","1 out of 5 stars","+85"
"239",11,"Chuba Hubbard",CAR,"RB70","13","3 out of 5 stars","-41"
"240",11,"Mike Davis",BAL,"RB71","10","4 out of 5 stars","-54"
"241",11,"Jason Sanders",MIA,"K10","11","1 out of 5 stars","+83"
"242",11,"Brandon McManus",DEN,"K11","9","4 out of 5 stars","-63"
"243",11,"Kenyan Drake",BAL,"RB72","10","4 out of 5 stars","-33"
"244",11,"Zay Jones",JAC,"WR87","11","4 out of 5 stars","+78"
"245",11,"Younghoe Koo",ATL,"K12","14","1 out of 5 stars","-43"
"246",11,"Arizona Cardinals",ARI,"DST18","13","3 out of 5 stars","+45"
"247",11,"Nick Folk",NE,"K13","10","5 out of 5 stars","-35"
"248",11,"Zack Moss",BUF,"RB73","7","4 out of 5 stars","+73"
"249",11,"Cincinnati Bengals",CIN,"DST19","10","4 out of 5 stars","+64"
"250",11,"Eno Benjamin",ARI,"RB74","13","2 out of 5 stars","-36"
"251",11,"Robbie Gould",SF,"K14","9","3 out of 5 stars","-8"
"252",11,"Tennessee Titans",TEN,"DST20","6","2 out of 5 stars","-41"
"253",11,"Jake Elliott",PHI,"K15","7","2 out of 5 stars","+18"
"254",11,"Laviska Shenault Jr.",CAR,"WR88","13","3 out of 5 stars","+41"
"255",11,"Mitch Trubisky",PIT,"QB30","9","3 out of 5 stars","-18"
"256",11,"Cameron Brate",TB,"TE29","11","3 out of 5 stars","-20"
"257",11,"Dustin Hopkins",LAC,"K16","8","5 out of 5 stars","-31"
"258",11,"Sammy Watkins",GB,"WR89","14","3 out of 5 stars","-43"
"259",11,"Byron Pringle",CHI,"WR90","14","3 out of 5 stars","-"
"260",11,"Adam Trautman",NO,"TE30","14","4 out of 5 stars","-"
"261",11,"Terrace Marshall Jr.",CAR,"WR91","13","3 out of 5 stars","-"
"262",11,"Randall Cobb",GB,"WR92","14","3 out of 5 stars","-7"
"263",12,"Bryan Edwards",ATL,"WR93","14","4 out of 5 stars","-"
"264",12,"Carolina Panthers",CAR,"DST21","13","4 out of 5 stars","+17"
"265",12,"Wil Lutz",NO,"K17","14","4 out of 5 stars","-62"
"266",12,"Minnesota Vikings",MIN,"DST22","7","2 out of 5 stars","-21"
"267",12,"Braxton Berrios",NYJ,"WR94","10","1 out of 5 stars","+48"
"268",12,"Chris Boswell",PIT,"K18","9","3 out of 5 stars","-3"
"269",12,"Deshaun Watson",CLE,"QB31","9","4 out of 5 stars","-77"
"270",12,"Matt Breida",NYG,"RB75","9","3 out of 5 stars","+49"
"271",12,"Mason Crosby",GB,"K19","14","4 out of 5 stars","-"
"272",12,"Nelson Agholor",NE,"WR95","10","4 out of 5 stars","-"
"273",12,"Trey Sermon",PHI,"RB76","7","3 out of 5 stars","+20"
"274",12,"Cedrick Wilson Jr.",MIA,"WR96","11","2 out of 5 stars","-"
"275",12,"Greg Zuerlein",NYJ,"K20","10","0 out of 5 stars","-"
"276",12,"C.J. Uzomah",NYJ,"TE31","10","3 out of 5 stars","-"
"277",12,"Marlon Mack",FA,"RB77","-","-","-35"
"278",12,"Greg Joseph",MIN,"K21","7","0 out of 5 stars","-24"
"279",12,"Dan Arnold",JAC,"TE32","11","4 out of 5 stars","-"
"280",12,"Myles Gaskin",MIA,"RB78","11","4 out of 5 stars","-29"
"281",12,"Marquez Callaway",NO,"WR97","14","4 out of 5 stars","+27"
"282",12,"Hassan Haskins",TEN,"RB79","6","4 out of 5 stars","-33"
"283",12,"Chicago Bears",CHI,"DST23","14","1 out of 5 stars","+6"
"284",12,"Washington Commanders",WAS,"DST24","14","1 out of 5 stars","-51"
"285",12,"Graham Gano",NYG,"K22","9","1 out of 5 stars","-"
"286",12,"Ke'Shawn Vaughn",TB,"RB80","11","2 out of 5 stars","-24"
"287",12,"Joshua Kelley",LAC,"RB81","8","2 out of 5 stars","-8"
"288",12,"Geno Smith",SEA,"QB32","11","3 out of 5 stars","-53"
"289",12,"Jacoby Brissett",CLE,"QB33","9","4 out of 5 stars","-48"
"290",12,"Trey McBride",ARI,"TE33","13","3 out of 5 stars","-"
"291",12,"Jason Myers",SEA,"K23","11","5 out of 5 stars","-"
"292",12,"New York Giants",NYG,"DST25","9","2 out of 5 stars","-"
"293",12,"Cairo Santos",CHI,"K24","14","3 out of 5 stars","-"
"294",12,"Randy Bullock",TEN,"K25","6","3 out of 5 stars","-"
"295",12,"Nick Westbrook-Ikhine",TEN,"WR98","6","3 out of 5 stars","-"
"296",12,"Kyle Rudolph",TB,"TE34","11","3 out of 5 stars","-43"
"297",12,"Chris Evans",CIN,"RB82","10","3 out of 5 stars","-14"
"298",12,"Kenny Pickett",PIT,"QB34","9","3 out of 5 stars","-107"
"299",12,"William Fuller V",FA,"WR99","-","-","+31"
"300",12,"Isaiah Likely",BAL,"TE35","10","2 out of 5 stars","-78"
"301",12,"Quez Watkins",PHI,"WR100","7","4 out of 5 stars","-41"
"302",12,"Odell Beckham Jr.",FA,"WR101","-","-","-96"
"303",12,"New York Jets",NYJ,"DST26","10","4 out of 5 stars","-"
"304",12,"Tyler Conklin",NYJ,"TE36","10","3 out of 5 stars","-"
"305",12,"Kyren Williams",LAR,"RB83","7","2 out of 5 stars","+24"
"306",12,"Seattle Seahawks",SEA,"DST27","11","3 out of 5 stars","-47"
"307",12,"Velus Jones Jr.",CHI,"WR102","14","3 out of 5 stars","+25"
"308",12,"Ameer Abdullah",LV,"RB84","6","2 out of 5 stars","-64"
"309",12,"Ka'imi Fairbairn",HOU,"K26","6","4 out of 5 stars","-"
"310",12,"Devin Duvernay",BAL,"WR103","10","3 out of 5 stars","+23"
"311",12,"Daniel Bellinger",NYG,"TE37","9","4 out of 5 stars","-"
"312",12,"Josh Reynolds",DET,"WR104","6","3 out of 5 stars","-"
"313",12,"Dontrell Hilliard",TEN,"RB85","6","4 out of 5 stars","-84"
"314",12,"O.J. Howard",HOU,"TE38","6","3 out of 5 stars","-"
"315",12,"Pierre Strong Jr.",NE,"RB86","10","4 out of 5 stars","-"
"316",13,"Jacksonville Jaguars",JAC,"DST28","11","2 out of 5 stars","-"
"317",13,"Greg Dulcich",DEN,"TE39","9","3 out of 5 stars","-"
"318",13,"Tre'Quan Smith",NO,"WR105","14","4 out of 5 stars","-"
"319",13,"Jaylen Warren",PIT,"RB87","9","3 out of 5 stars","-34"
"320",13,"Kyle Philips",TEN,"WR106","6","3 out of 5 stars","+5"
"321",13,"Darius Slayton",NYG,"WR107","9","4 out of 5 stars","-"
"322",13,"Jalen Reagor",MIN,"WR108","7","2 out of 5 stars","-"
"323",13,"Drew Lock",SEA,"QB35","11","3 out of 5 stars","-"
"324",13,"Dyami Brown",WAS,"WR109","14","4 out of 5 stars","-"
"325",13,"Phillip Lindsay",IND,"RB88","14","3 out of 5 stars","-"
"326",13,"Giovani Bernard",TB,"RB89","11","2 out of 5 stars","-"
"327",13,"Jimmy Garoppolo",SF,"QB36","9","3 out of 5 stars","-79"
"328",13,"Ty Johnson",NYJ,"RB90","10","4 out of 5 stars","-"
"329",13,"Quintez Cephus",DET,"WR110","6","3 out of 5 stars","-"
"330",13,"Harrison Bryant",CLE,"TE40","9","4 out of 5 stars","-"
"331",13,"Salvon Ahmed",MIA,"RB91","11","4 out of 5 stars","-"
"332",13,"Tommy Tremble",CAR,"TE41","13","3 out of 5 stars","-"
"333",13,"Snoop Conner",JAC,"RB92","11","3 out of 5 stars","-"
"334",13,"Donald Parham Jr.",LAC,"TE42","8","4 out of 5 stars","-"
"335",13,"Justin Jackson",DET,"RB93","6","4 out of 5 stars","-"
"336",13,"Jerome Ford",CLE,"RB94","9","3 out of 5 stars","-"
"337",13,"Desmond Ridder",ATL,"QB37","14","3 out of 5 stars","-81"
"338",13,"Darrynton Evans",CHI,"RB95","14","5 out of 5 stars","-"
"339",13,"Las Vegas Raiders",LV,"DST29","6","3 out of 5 stars","-78"
"340",13,"James Proche II",BAL,"WR111","10","3 out of 5 stars","-"
"341",13,"Taysom Hill",NO,"TE43","14","4 out of 5 stars","-95"
"342",13,"Cade York",CLE,"K27","9","3 out of 5 stars","-66"
"343",13,"Chase McLaughlin",FA,"K28","-","-","-"
"344",13,"Brett Maher",DAL,"K29","9","5 out of 5 stars","-"
"345",13,"Jalen Guyton",LAC,"WR112","8","3 out of 5 stars","-"
"346",13,"Danny Gray",SF,"WR113","9","3 out of 5 stars","-"
"347",13,"Foster Moreau",LV,"TE44","6","2 out of 5 stars","-"
"348",13,"Khalil Shakir",BUF,"WR114","7","4 out of 5 stars","-"
"349",13,"Duke Johnson Jr.",BUF,"RB96","7","4 out of 5 stars","-"
"350",13,"Tyquan Thornton",NE,"WR115","10","4 out of 5 stars","-"
"351",13,"Josh Lambo",FA,"K30","-","-","-"
"352",13,"Tevin Coleman",FA,"RB97","-","-","-"
"353",13,"Emmanuel Sanders",FA,"WR116","-","-","-"
"354",13,"Jelani Woods",IND,"TE45","14","2 out of 5 stars","-"
"355",13,"Detroit Lions",DET,"DST30","6","2 out of 5 stars","-"
"356",13,"Olamide Zaccheaus",ATL,"WR117","14","4 out of 5 stars","-"
"357",13,"Ty Montgomery",NE,"RB98","10","4 out of 5 stars","-"
"358",13,"Jaret Patterson",WAS,"RB99","14","4 out of 5 stars","-"
"359",13,"Travis Homer",SEA,"RB100","11","2 out of 5 stars","-"
"360",13,"Sam Darnold",CAR,"QB38","13","3 out of 5 stars","-61"
"361",13,"Tyler Badie",BAL,"RB101","10","4 out of 5 stars","-"
"362",13,"Atlanta Falcons",ATL,"DST31","14","5 out of 5 stars","-"
"363",13,"Austin Seibert",DET,"K31","6","3 out of 5 stars","-"
"364",14,"Amari Rodgers",GB,"WR118","14","3 out of 5 stars","-"
"365",14,"Demarcus Robinson",BAL,"WR119","10","3 out of 5 stars","-"
"366",14,"Keaontay Ingram",ARI,"RB102","13","2 out of 5 stars","-"
"367",14,"Joey Slye",WAS,"K32","14","4 out of 5 stars","-"
"368",14,"John Bates",WAS,"TE46","14","4 out of 5 stars","-"
"369",14,"Cade Otton",TB,"TE47","11","3 out of 5 stars","-"
"370",14,"Cole Beasley",FA,"WR120","-","-","-"
"371",14,"DeeJay Dallas",SEA,"RB103","11","2 out of 5 stars","-108"
"372",14,"Jared Cook",FA,"TE48","-","-","-"
"373",14,"Jauan Jennings",SF,"WR121","9","3 out of 5 stars","-"
"374",14,"Rashard Higgins",CAR,"WR122","13","3 out of 5 stars","-"
"375",14,"James Washington",DAL,"WR123","9","3 out of 5 stars","-"
"376",14,"Kene Nwangwu",MIN,"RB104","7","4 out of 5 stars","-"
"377",14,"Equanimeous St. Brown",CHI,"WR124","14","3 out of 5 stars","-"
"378",14,"Anthony Schwartz",CLE,"WR125","9","4 out of 5 stars","-"
"379",14,"Malik Willis",TEN,"QB39","6","4 out of 5 stars","-121"
"380",14,"Benny Snell Jr.",PIT,"RB105","9","3 out of 5 stars","-52"
"381",14,"Calvin Austin III",PIT,"WR126","9","4 out of 5 stars","-"
"382",14,"Kylen Granson",IND,"TE49","14","2 out of 5 stars","-"
"383",14,"Houston Texans",HOU,"DST32","6","4 out of 5 stars","-"
"384",14,"Anthony Firkser",ATL,"TE50","14","2 out of 5 stars","-"
"385",14,"Noah Brown",DAL,"WR127","9","3 out of 5 stars","-"
"386",14,"Josiah Deguara",GB,"TE51","14","1 out of 5 stars","-"
"387",14,"John Metchie III",HOU,"WR128","6","3 out of 5 stars","-"
"388",14,"Craig Reynolds",DET,"RB106","6","4 out of 5 stars","-"
"389",14,"Latavius Murray",FA,"RB107","-","-","-"
"390",14,"T.Y. Hilton",FA,"WR129","-","-","-104"
"391",14,"Trestan Ebner",CHI,"RB108","14","5 out of 5 stars","-"
"392",14,"Malcolm Brown",FA,"RB109","-","-","-"
"393",14,"Joe Flacco",NYJ,"QB40","10","1 out of 5 stars","-"
"394",14,"Dee Eskridge",SEA,"WR130","11","4 out of 5 stars","-"
"395",14,"David Johnson",FA,"RB110","-","-","-"
"396",14,"Devontae Booker",FA,"RB111","-","-","-"
"397",14,"Brandon Bolden",LV,"RB112","6","2 out of 5 stars","-"
"398",14,"Will Dissly",SEA,"TE52","11","2 out of 5 stars","-"
"399",14,"Mack Hollins",LV,"WR131","6","2 out of 5 stars","-"
"400",14,"Jordan Mason",SF,"RB113","9","2 out of 5 stars","-74"
"401",14,"Zach Pascal",PHI,"WR132","7","4 out of 5 stars","-"
"402",14,"Devonta Freeman",FA,"RB114","-","-","-"
"403",14,"Wayne Gallman Jr.",FA,"RB115","-","-","-"
"404",14,"Deonte Harty",NO,"WR133","14","4 out of 5 stars","-"
"405",14,"Tyler Johnson",HOU,"WR134","6","3 out of 5 stars","-"
"406",14,"Teddy Bridgewater",MIA,"QB41","11","2 out of 5 stars","-"
"407",14,"Juwan Johnson",NO,"TE53","14","4 out of 5 stars","-"
"408",14,"Riley Patterson",JAC,"K33","11","4 out of 5 stars","-"
"409",14,"Tony Jones Jr.",NO,"RB116","14","3 out of 5 stars","-"
"410",14,"Chris Conley",HOU,"WR135","6","3 out of 5 stars","-"
"411",14,"Ashton Dulin",IND,"WR136","14","4 out of 5 stars","-"
"412",14,"Tyrod Taylor",NYG,"QB42","9","5 out of 5 stars","-125"
"413",14,"Eddy Pineiro",CAR,"K34","13","4 out of 5 stars","-"
"414",14,"Geoff Swaim",TEN,"TE54","6","5 out of 5 stars","-"
"415",14,"Justin Watson",KC,"WR137","8","2 out of 5 stars","-"
"416",14,"Tristan Vizcaino",FA,"K35","-","-","-"
"417",14,"Pharaoh Brown",HOU,"TE55","6","3 out of 5 stars","-"
"418",14,"Ty Chandler",MIN,"RB117","7","4 out of 5 stars","-"
"419",14,"Jonathan Garibay",FA,"K36","-","-","-"
"420",14,"Dare Ogunbowale",HOU,"RB118","6","3 out of 5 stars","-"
"421",14,"Tutu Atwell",LAR,"WR138","7","2 out of 5 stars","-"
"422",14,"Jamal Agnew",JAC,"WR139","11","4 out of 5 stars","-"
"423",14,"Phillip Dorsett II",HOU,"WR140","6","3 out of 5 stars","-"
"424",14,"Laquon Treadwell",NE,"WR141","10","4 out of 5 stars","-"
"425",14,"Kyle Juszczyk",SF,"RB119","9","2 out of 5 stars","-"
"426",14,"Anthony McFarland Jr.",PIT,"RB120","9","3 out of 5 stars","-"
"427",14,"Tyler Huntley",BAL,"QB43","10","2 out of 5 stars","-"
"428",15,"Demetric Felton Jr.",CLE,"RB121","9","3 out of 5 stars","-"
"429",15,"Justice Hill",BAL,"RB122","10","4 out of 5 stars","-"
"430",15,"Jonathan Williams",WAS,"RB123","14","4 out of 5 stars","-"
"431",15,"Ian Thomas",CAR,"TE56","13","3 out of 5 stars","-"
"432",15,"Tylan Wallace",BAL,"WR142","10","3 out of 5 stars","-"
"433",15,"Antonio Brown",FA,"WR143","-","-","-"
"434",15,"Durham Smythe",MIA,"TE57","11","3 out of 5 stars","-"
"435",15,"Sam Howell",WAS,"QB44","14","4 out of 5 stars","-137"
"436",15,"Deon Jackson",IND,"RB124","14","3 out of 5 stars","-"
"437",15,"Ryan Griffin",CHI,"TE58","14","5 out of 5 stars","-"
"438",15,"Ben Skowronek",LAR,"WR144","7","2 out of 5 stars","-"
"439",15,"Denzel Mims",NYJ,"WR145","10","1 out of 5 stars","-"
"440",15,"Mike Boone",DEN,"RB125","9","3 out of 5 stars","-"
"441",15,"Gardner Minshew II",PHI,"QB45","7","4 out of 5 stars","-"
"442",15,"Jake Ferguson",DAL,"TE59","9","3 out of 5 stars","-"
"443",15,"Jeremy Ruckert",NYJ,"TE60","10","3 out of 5 stars","-"
"444",15,"Quinn Nordin",FA,"K37","-","-","-"
"445",15,"Blake Jarwin",FA,"TE61","-","-","-"
"446",15,"Chigoziem Okonkwo",TEN,"TE62","6","5 out of 5 stars","-"
"447",15,"Ihmir Smith-Marsette",CHI,"WR146","14","3 out of 5 stars","-"
"448",15,"Gary Brightwell",NYG,"RB126","9","3 out of 5 stars","-"
"449",15,"Abram Smith",FA,"RB127","-","-","-"
"450",15,"Kalif Raymond",DET,"WR147","6","3 out of 5 stars","-"
"451",15,"Chris Herndon IV",FA,"TE63","-","-","-"
"452",15,"Noah Gray",KC,"TE64","8","3 out of 5 stars","-"
"453",15,"Lance McCutcheon",LAR,"WR148","7","2 out of 5 stars","-"
"454",15,"Chris Moore",HOU,"WR149","6","3 out of 5 stars","-"
"455",15,"Antoine Wesley",ARI,"WR150","13","2 out of 5 stars","-"
"456",15,"Eric Ebron",FA,"TE65","-","-","-"
"457",15,"N'Keal Harry",CHI,"WR151","14","3 out of 5 stars","-"
"458",15,"Montrell Washington",DEN,"WR152","9","4 out of 5 stars","-"
"459",15,"Jeremy McNichols",PIT,"RB128","9","3 out of 5 stars","-"
"460",15,"Carlos Hyde",FA,"RB129","-","-","-"
"461",15,"Larry Rountree III",LAC,"RB130","8","2 out of 5 stars","-158"
"462",15,"Tarik Cohen",FA,"RB131","-","-","-"
"463",15,"Keelan Cole Sr.",FA,"WR153","-","-","-"
"464",15,"Freddie Swain",MIA,"WR154","11","2 out of 5 stars","-"
"465",15,"Auden Tate",FA,"WR155","-","-","-"
"466",15,"Qadree Ollison",DAL,"RB132","9","4 out of 5 stars","-"
"467",15,"Maxx Williams",ARI,"TE66","13","3 out of 5 stars","-"
"468",15,"Jordan Akins",HOU,"TE67","6","3 out of 5 stars","-"
"469",15,"Derrick Gore",FA,"RB133","-","-","-"
"470",15,"Cyril Grayson Jr.",FA,"WR156","-","-","-"
"471",15,"Brock Wright",DET,"TE68","6","4 out of 5 stars","-"
"472",15,"Royce Freeman",HOU,"RB134","6","3 out of 5 stars","-"
"473",15,"Jalen Wydermyer",NE,"TE69","10","4 out of 5 stars","-"
"474",15,"Kevin Harris",NE,"RB135","10","4 out of 5 stars","-"
"475",15,"Trayveon Williams",CIN,"RB136","10","3 out of 5 stars","-"
"476",15,"DeSean Jackson",FA,"WR157","-","-","-"
"477",15,"Tyler Kroft",SF,"TE70","9","4 out of 5 stars","-"
"478",15,"Marquise Goodwin",SEA,"WR158","11","4 out of 5 stars","-"
"479",15,"Tyrell Williams",FA,"WR159","-","-","-"
"480",15,"Charlie Kolar",BAL,"TE71","10","2 out of 5 stars","-"
"481",15,"Nick Vannett",NO,"TE72","14","4 out of 5 stars","-"
"482",15,"Jordan Howard",FA,"RB137","-","-","-"
"483",15,"Breshad Perriman",TB,"WR160","11","4 out of 5 stars","-"
"484",15,"Carlos Martinez",DAL,"K38","9","5 out of 5 stars","-"
"485",15,"Jimmy Graham",FA,"TE73","-","-","-"
"486",15,"Patrick Ricard",BAL,"RB138","10","4 out of 5 stars","-"
"487",15,"Rico Dowdle",DAL,"RB139","9","4 out of 5 stars","-"
"488",15,"KhaDarel Hodge",ATL,"WR161","14","4 out of 5 stars","-"
"489",15,"Le'Veon Bell",FA,"RB140","-","-","-"
"490",15,"Antonio Williams",NYG,"RB141","9","3 out of 5 stars","-"
"491",15,"JaMycal Hasty",JAC,"RB142","11","3 out of 5 stars","-"
"492",15,"Tim Jones",JAC,"WR162","11","4 out of 5 stars","-"
"493",15,"Justyn Ross",KC,"WR163","8","2 out of 5 stars","-"
"494",15,"Dante Pettis",CHI,"WR164","14","3 out of 5 stars","-"
"495",15,"Simi Fehoko",DAL,"WR165","9","3 out of 5 stars","-"
"496",15,"Dezmon Patmon",IND,"WR166","14","4 out of 5 stars","-"
"497",15,"Marcedes Lewis",GB,"TE74","14","1 out of 5 stars","-"
"498",15,"Blake Bell",KC,"TE75","8","3 out of 5 stars","-"
"499",15,"Lirim Hajrullahu",FA,"K39","-","-","-"
"500",15,"Jacob Harris",LAR,"TE76","7","3 out of 5 stars","-"
"501",15,"Kylin Hill",GB,"RB143","14","3 out of 5 stars","-"
"502",15,"Cam Sims",WAS,"WR167","14","4 out of 5 stars","-"
"503",15,"Jake Funk",LAR,"RB144","7","2 out of 5 stars","-"
"504",15,"Scotty Miller",TB,"WR168","11","4 out of 5 stars","-"
"505",15,"Tyron Johnson",LV,"WR169","6","2 out of 5 stars","-"
"506",15,"Blaine Gabbert",TB,"QB46","11","3 out of 5 stars","-"
"507",15,"Jody Fortson",KC,"TE77","8","3 out of 5 stars","-"
"508",15,"Nick Boyle",BAL,"TE78","10","2 out of 5 stars","-"
"509",15,"Ray-Ray McCloud",SF,"WR170","9","3 out of 5 stars","-"
"510",15,"Drew Sample",CIN,"TE79","10","2 out of 5 stars","-"
"511",15,"Jermar Jefferson",DET,"RB145","6","4 out of 5 stars","-"
"512",15,"Cole Turner",WAS,"TE80","14","4 out of 5 stars","-"
"513",15,"J.J. Taylor",NE,"RB146","10","4 out of 5 stars","-206"
"514",15,"Andrew Jacas",SF,"K40","9","3 out of 5 stars","-"
"515",15,"Jashaun Corbin",NYG,"RB147","9","3 out of 5 stars","-"
"516",15,"Brycen Hopkins",LAR,"TE81","7","3 out of 5 stars","-"
"517",15,"Erik Ezukanma",MIA,"WR171","11","2 out of 5 stars","-"
"518",15,"Zach Gentry",PIT,"TE82","9","4 out of 5 stars","-"
"519",15,"Ross Dwelley",SF,"TE83","9","4 out of 5 stars","-"
"520",15,"Tre' McKitty",LAC,"TE84","8","4 out of 5 stars","-216"
"521",15,"Shi Smith",CAR,"WR172","13","3 out of 5 stars","-210"
"522",15,"Kennedy Brooks",PHI,"RB148","7","3 out of 5 stars","-"
"523",15,"Kyle Allen",HOU,"QB47","6","4 out of 5 stars","-"
"524",15,"Damiere Byrd",ATL,"WR173","14","4 out of 5 stars","-"
"525",15,"James O'Shaughnessy",FA,"TE85","-","-","-"
"526",15,"Tyler Goodson",GB,"RB149","14","3 out of 5 stars","-"
"527",15,"Josh Gordon",TEN,"WR174","6","3 out of 5 stars","-"
"528",15,"Trent Sherfield",MIA,"WR175","11","2 out of 5 stars","-"
"529",15,"Miles Boykin",PIT,"WR176","9","4 out of 5 stars","-"
"530",15,"James McCourt",JAC,"K41","11","4 out of 5 stars","-"
"531",16,"DeAndre Carter",LAC,"WR177","8","3 out of 5 stars","-"
"532",16,"Hunter Long",MIA,"TE86","11","3 out of 5 stars","-"
"533",16,"Tyler Davis",GB,"TE87","14","1 out of 5 stars","-"
"534",16,"Patrick Taylor Jr.",GB,"RB150","14","3 out of 5 stars","-"
"535",16,"Johnny Mundt",MIN,"TE88","7","3 out of 5 stars","-"
"536",16,"Dez Fitzpatrick",TEN,"WR178","6","3 out of 5 stars","-"
"537",16,"Richie James Jr.",NYG,"WR179","9","4 out of 5 stars","-"
"538",16,"Julius Chestnut",TEN,"RB151","6","4 out of 5 stars","-"
"539",16,"Dwayne Washington",NO,"RB152","14","3 out of 5 stars","-"
"540",16,"KaVontae Turpin",DAL,"WR180","9","3 out of 5 stars","-"
"541",16,"Adam Humphries",FA,"WR181","-","-","-"
"542",16,"Collin Hill",FA,"QB48","-","-","-"
"543",16,"Andrew Wellock",CAR,"K42","13","4 out of 5 stars","-"
"544",16,"Parker Hesse",ATL,"TE89","14","2 out of 5 stars","-"
"545",16,"Ryan Santoso",FA,"K43","-","-","-"
"546",16,"Andrew Beck",DEN,"TE90","9","3 out of 5 stars","-"
"547",16,"Andy Dalton",NO,"QB49","14","3 out of 5 stars","-"
"548",16,"Chad Henne",KC,"QB50","8","2 out of 5 stars","-"
"549",16,"Penny Hart",SEA,"WR182","11","4 out of 5 stars","-"
"550",16,"La'Mical Perine",PHI,"RB153","7","3 out of 5 stars","-"